Frame count,Player 1 Keypoints,Player 2 Keypoints,Ball Position,Shot Type
2,"[[    0.29678     0.66555]
 [    0.29854     0.65713]
 [          0           0]
 [    0.30716     0.65143]
 [          0           0]
 [    0.32733     0.67632]
 [    0.31577     0.67907]
 [    0.34931     0.72265]
 [          0           0]
 [    0.33535     0.75613]
 [    0.30726     0.75279]
 [    0.34435      0.7749]
 [    0.33705     0.77438]
 [    0.32351     0.84834]
 [    0.32117      0.8472]
 [    0.34168      0.9321]
 [    0.33864     0.92666]]","[[    0.41713     0.58217]
 [    0.42029     0.57458]
 [          0           0]
 [    0.42922     0.57573]
 [          0           0]
 [    0.43103     0.61558]
 [    0.45814     0.61015]
 [    0.42575     0.67608]
 [    0.47258     0.66711]
 [    0.41409       0.726]
 [    0.46438     0.71893]
 [    0.44677     0.72022]
 [    0.46497     0.71779]
 [     0.4476     0.79642]
 [    0.46771     0.79367]
 [    0.46452     0.87986]
 [    0.48445     0.87223]]","[91, 311]",straight drive
3,"[[    0.29081     0.66876]
 [    0.29178     0.65967]
 [          0           0]
 [    0.29974     0.65315]
 [          0           0]
 [    0.32003      0.6759]
 [    0.30935     0.68019]
 [    0.34008     0.72137]
 [          0           0]
 [    0.32938     0.75711]
 [    0.31488     0.75675]
 [    0.34228     0.77829]
 [    0.33491     0.77888]
 [    0.31733     0.84665]
 [    0.31454     0.84615]
 [    0.32942       0.933]
 [    0.32604     0.92914]]","[[    0.41951     0.58358]
 [    0.42287     0.57483]
 [          0           0]
 [    0.43262      0.5774]
 [          0           0]
 [    0.42874     0.61822]
 [     0.4598     0.60718]
 [    0.42268     0.67755]
 [    0.47683     0.66066]
 [    0.41572     0.72671]
 [          0           0]
 [    0.44517     0.71695]
 [    0.46661     0.71285]
 [     0.4478     0.79676]
 [    0.47759     0.78857]
 [     0.4614     0.88134]
 [    0.49012     0.86774]]","[86, 319]",tight_straight drive
4,"[[    0.28471      0.6673]
 [    0.28687     0.65882]
 [          0           0]
 [    0.29573     0.65658]
 [          0           0]
 [    0.31024     0.68123]
 [    0.29808     0.69061]
 [     0.3348     0.71975]
 [    0.31516     0.73454]
 [    0.32826     0.75956]
 [    0.31307     0.76729]
 [    0.33411     0.77482]
 [    0.32601     0.77719]
 [    0.30946     0.85107]
 [    0.30668     0.85152]
 [    0.33013     0.92854]
 [    0.32486     0.92024]]","[[    0.42192     0.57439]
 [    0.42539     0.56553]
 [          0           0]
 [    0.43438     0.57064]
 [          0           0]
 [     0.4303      0.6139]
 [    0.46277     0.60377]
 [    0.42367     0.67414]
 [    0.47762      0.6593]
 [    0.41824     0.72047]
 [          0           0]
 [    0.44789     0.71428]
 [    0.47092     0.71075]
 [    0.45044     0.79234]
 [    0.48283     0.78449]
 [    0.46294     0.87685]
 [    0.49626     0.86342]]","[82, 326]",tight_straight drive
5,"[[     0.2847     0.66729]
 [    0.28685     0.65881]
 [          0           0]
 [     0.2957     0.65658]
 [          0           0]
 [    0.31026     0.68127]
 [    0.29815     0.69063]
 [    0.33482     0.71983]
 [     0.3152     0.73454]
 [    0.32821     0.75958]
 [    0.31308     0.76729]
 [    0.33407      0.7749]
 [    0.32601     0.77725]
 [    0.30943     0.85108]
 [    0.30666     0.85153]
 [    0.33008     0.92845]
 [    0.32481     0.92023]]","[[    0.42193      0.5745]
 [    0.42538     0.56563]
 [          0           0]
 [     0.4343     0.57072]
 [          0           0]
 [    0.43026     0.61394]
 [    0.46275      0.6038]
 [    0.42365     0.67419]
 [    0.47758      0.6593]
 [    0.41824     0.72062]
 [          0           0]
 [    0.44788     0.71431]
 [    0.47091     0.71081]
 [    0.45054     0.79239]
 [    0.48289     0.78461]
 [    0.46307     0.87696]
 [    0.49632     0.86365]]","[82, 326]",tight_straight drive
6,"[[    0.27811     0.66891]
 [    0.28028     0.66022]
 [          0           0]
 [    0.28892     0.65832]
 [          0           0]
 [    0.30664     0.68448]
 [    0.28746     0.69291]
 [    0.33232      0.7247]
 [    0.30248     0.73612]
 [    0.32257     0.75918]
 [    0.29996     0.76976]
 [    0.33102     0.78049]
 [    0.31713     0.78197]
 [    0.30883     0.85367]
 [    0.29199     0.85228]
 [    0.32972     0.93632]
 [    0.30701     0.92716]]","[[          0           0]
 [          0           0]
 [          0           0]
 [    0.43413     0.56515]
 [          0           0]
 [    0.43325     0.60702]
 [     0.4647     0.59685]
 [    0.42417      0.6625]
 [    0.47887     0.65474]
 [      0.418     0.69367]
 [          0           0]
 [    0.45237     0.71243]
 [    0.47432     0.70899]
 [    0.45154      0.7926]
 [    0.48002     0.78467]
 [    0.46053     0.87437]
 [    0.49158      0.8636]]","[82, 326]",tight_straight drive
7,"[[    0.27424     0.67768]
 [    0.27508     0.66882]
 [          0           0]
 [    0.28192     0.66332]
 [          0           0]
 [    0.29995     0.68299]
 [    0.28985     0.69076]
 [     0.3253     0.72595]
 [          0           0]
 [    0.31686     0.75771]
 [    0.30486     0.75355]
 [    0.32355     0.77967]
 [    0.31524     0.78232]
 [    0.30586     0.84629]
 [    0.29129     0.84806]
 [    0.32271     0.93607]
 [    0.29997     0.93512]]","[[          0           0]
 [    0.43005     0.55258]
 [          0           0]
 [     0.4375     0.55725]
 [          0           0]
 [    0.43682     0.60082]
 [    0.46837     0.59061]
 [    0.42693     0.65672]
 [    0.48241     0.65183]
 [    0.41816     0.67419]
 [          0           0]
 [    0.45399     0.71017]
 [    0.47581     0.70615]
 [    0.45184     0.79142]
 [    0.47952     0.78239]
 [    0.45951     0.87308]
 [    0.48878     0.86051]]","[82, 326]",tight_straight drive
8,"[[    0.26071      0.6916]
 [    0.26129     0.68322]
 [          0           0]
 [    0.27027     0.67604]
 [          0           0]
 [    0.29119     0.69303]
 [    0.28579     0.69411]
 [    0.30972     0.73922]
 [          0           0]
 [    0.30194     0.76445]
 [          0           0]
 [    0.32013      0.7801]
 [    0.31628     0.77944]
 [    0.29154     0.85072]
 [    0.29373     0.84921]
 [    0.29998     0.94026]
 [    0.30371     0.93448]]","[[          0           0]
 [          0           0]
 [          0           0]
 [    0.43988     0.55469]
 [          0           0]
 [     0.4408     0.59696]
 [    0.47019     0.58978]
 [    0.43011     0.65427]
 [    0.47966     0.64334]
 [     0.4156     0.67072]
 [    0.46565     0.66603]
 [    0.45714     0.71021]
 [    0.47707     0.70669]
 [    0.45253     0.78115]
 [    0.47893     0.77789]
 [    0.46108     0.86914]
 [    0.48756     0.86097]]","[82, 326]",tight_straight drive
9,"[[    0.25476     0.70449]
 [    0.25483     0.69559]
 [          0           0]
 [    0.26276     0.68412]
 [          0           0]
 [    0.28483     0.69999]
 [    0.28031       0.697]
 [    0.30035     0.74787]
 [    0.29277     0.74694]
 [    0.29434      0.7819]
 [    0.28546     0.77452]
 [    0.31372     0.78802]
 [    0.31016     0.78608]
 [    0.28981       0.869]
 [    0.28808     0.86616]
 [    0.29307     0.94546]
 [    0.28665     0.93662]]","[[    0.43258     0.55752]
 [    0.43537     0.54801]
 [          0           0]
 [    0.44471     0.55027]
 [          0           0]
 [    0.44439     0.59286]
 [    0.47448     0.58369]
 [    0.43185     0.64895]
 [          0           0]
 [    0.42167     0.65802]
 [          0           0]
 [     0.4589     0.70616]
 [    0.47944     0.70229]
 [    0.45609     0.78771]
 [     0.4803     0.78108]
 [    0.46185     0.86806]
 [    0.48222     0.85734]]","[74, 347]",tight_straight drive
10,"[[          0           0]
 [    0.24734     0.70317]
 [          0           0]
 [    0.25206     0.69393]
 [          0           0]
 [    0.27473     0.71125]
 [     0.2771     0.70348]
 [    0.29111     0.76551]
 [    0.28872     0.75857]
 [    0.28237     0.79486]
 [    0.27953     0.78567]
 [    0.30697      0.7968]
 [    0.30844     0.79306]
 [    0.28352     0.87875]
 [    0.28746     0.87431]
 [    0.28826     0.94802]
 [    0.28976     0.93582]]","[[    0.43637     0.55956]
 [    0.43821     0.55186]
 [          0           0]
 [    0.44504     0.55367]
 [          0           0]
 [    0.44691     0.59537]
 [    0.47511     0.58897]
 [    0.43707     0.64988]
 [    0.48175     0.64064]
 [    0.42158     0.65296]
 [          0           0]
 [    0.46048     0.70671]
 [    0.47955     0.70299]
 [    0.45439     0.77459]
 [    0.47887     0.77155]
 [    0.46226      0.8622]
 [    0.48565     0.85399]]","[74, 347]",tight_straight drive
11,"[[          0           0]
 [    0.24726     0.70324]
 [          0           0]
 [    0.25198     0.69404]
 [          0           0]
 [    0.27474      0.7114]
 [    0.27699     0.70353]
 [    0.29125     0.76573]
 [    0.28863     0.75864]
 [    0.28236     0.79492]
 [    0.27958     0.78562]
 [    0.30691     0.79707]
 [    0.30851     0.79328]
 [    0.28263     0.87896]
 [    0.28822     0.87445]
 [    0.28678      0.9482]
 [    0.29119      0.9359]]","[[    0.43635     0.55956]
 [    0.43819     0.55186]
 [          0           0]
 [    0.44503     0.55365]
 [          0           0]
 [    0.44691     0.59531]
 [    0.47511     0.58892]
 [    0.43708     0.64981]
 [     0.4817     0.64058]
 [    0.42156     0.65297]
 [          0           0]
 [    0.46047     0.70665]
 [    0.47954     0.70293]
 [    0.45437     0.77454]
 [    0.47884     0.77151]
 [    0.46228     0.86211]
 [    0.48566      0.8539]]","[74, 347]",tight_straight drive
12,"[[    0.24442     0.72903]
 [    0.24363     0.72087]
 [          0           0]
 [    0.24881     0.71003]
 [          0           0]
 [    0.27055     0.72412]
 [    0.26938     0.72311]
 [    0.28599     0.77782]
 [    0.28119     0.77835]
 [    0.27445     0.80774]
 [    0.26791     0.79843]
 [     0.3033     0.80592]
 [    0.29978     0.80501]
 [    0.28643     0.88233]
 [     0.2687     0.88097]
 [    0.30292     0.94884]
 [    0.26799     0.94094]]","[[    0.44202     0.56167]
 [    0.44465     0.55409]
 [          0           0]
 [     0.4532     0.55399]
 [          0           0]
 [    0.46171     0.59012]
 [    0.46625      0.5883]
 [    0.45935     0.63709]
 [    0.46293     0.63268]
 [    0.44354     0.63734]
 [    0.43965     0.63938]
 [    0.47139     0.69757]
 [    0.47538     0.69498]
 [    0.46233     0.77092]
 [    0.47505     0.76843]
 [    0.47008     0.85135]
 [    0.48488      0.8456]]","[81, 340]",tight_straight drive
13,"[[     0.2435     0.74313]
 [    0.24382     0.73337]
 [          0           0]
 [    0.24757     0.72374]
 [          0           0]
 [    0.26818     0.74023]
 [    0.24642     0.73631]
 [    0.28953     0.79834]
 [    0.23688     0.78088]
 [    0.26624     0.81657]
 [    0.23269     0.80735]
 [    0.29401     0.81992]
 [    0.27895     0.81776]
 [    0.27415     0.89353]
 [    0.25604     0.88654]
 [    0.29957     0.95581]
 [    0.26507     0.94848]]","[[    0.44223     0.55998]
 [    0.44494     0.55248]
 [          0           0]
 [    0.45386     0.55403]
 [          0           0]
 [    0.45985     0.59186]
 [    0.47512     0.58683]
 [     0.4567     0.64284]
 [          0           0]
 [    0.44435     0.64606]
 [          0           0]
 [    0.47207     0.69522]
 [    0.48341     0.69144]
 [    0.45876     0.76296]
 [    0.48042     0.75943]
 [     0.4653     0.84315]
 [    0.49051     0.83576]]","[85, 337]",tight_straight drive
14,"[[          0           0]
 [          0           0]
 [          0           0]
 [    0.23464     0.73371]
 [          0           0]
 [    0.25068      0.7562]
 [    0.25647     0.72903]
 [    0.26743      0.8009]
 [     0.2672     0.72811]
 [    0.25471     0.80929]
 [    0.26542     0.73063]
 [    0.28848     0.82595]
 [    0.28882      0.8144]
 [     0.2735     0.89935]
 [    0.25818     0.88016]
 [    0.30169     0.95294]
 [    0.26222     0.93499]]","[[    0.44299     0.55834]
 [    0.44584     0.55096]
 [          0           0]
 [    0.45601     0.55212]
 [          0           0]
 [    0.46356     0.58699]
 [    0.47197     0.58453]
 [    0.46314     0.63503]
 [          0           0]
 [      0.451     0.63514]
 [          0           0]
 [    0.47508     0.68693]
 [    0.48233     0.68409]
 [    0.45752     0.75025]
 [    0.47772     0.74732]
 [    0.46574     0.82978]
 [    0.49133     0.82376]]","[85, 337]",tight_straight drive
15,"[[    0.22814     0.75671]
 [    0.22867     0.74851]
 [          0           0]
 [    0.23391     0.74331]
 [          0           0]
 [    0.25188     0.76042]
 [    0.24476     0.77291]
 [    0.27712     0.78421]
 [    0.25982     0.81968]
 [     0.2711     0.79499]
 [    0.24477      0.8487]
 [    0.28427     0.84386]
 [    0.27943     0.84927]
 [    0.26421     0.89393]
 [     0.2574     0.89723]
 [    0.28435     0.95307]
 [    0.27291     0.95495]]","[[    0.44372     0.55303]
 [     0.4469     0.54598]
 [          0           0]
 [    0.45642      0.5489]
 [          0           0]
 [    0.46029     0.58594]
 [    0.47971     0.58068]
 [    0.45853     0.64035]
 [          0           0]
 [    0.44973     0.64709]
 [          0           0]
 [    0.47399     0.68115]
 [    0.48833     0.67717]
 [    0.45125     0.74056]
 [    0.47884     0.73647]
 [    0.45979     0.82615]
 [    0.49423     0.81843]]","[85, 337]",tight_straight drive
16,"[[    0.23051     0.76904]
 [    0.23193     0.76209]
 [          0           0]
 [    0.23821     0.75662]
 [          0           0]
 [    0.25441     0.77503]
 [    0.24831     0.77222]
 [    0.25902     0.82005]
 [          0           0]
 [    0.24884     0.85254]
 [    0.24735     0.85334]
 [    0.28726      0.8433]
 [    0.28475     0.84193]
 [    0.24984     0.88716]
 [    0.26269     0.88415]
 [    0.26856     0.95441]
 [    0.28948     0.94568]]","[[    0.44334     0.54811]
 [    0.44659     0.54099]
 [          0           0]
 [     0.4565     0.54344]
 [          0           0]
 [    0.45774     0.57883]
 [    0.47909     0.57425]
 [    0.45641     0.62818]
 [    0.49699      0.6214]
 [    0.45711     0.64916]
 [          0           0]
 [    0.47331     0.67403]
 [    0.48792     0.67134]
 [    0.45759     0.74003]
 [    0.48199     0.73729]
 [    0.46363     0.82356]
 [    0.49168     0.81794]]","[97, 335]",tight_straight lob
17,"[[    0.23052     0.76906]
 [    0.23196     0.76211]
 [          0           0]
 [    0.23828     0.75663]
 [          0           0]
 [    0.25448     0.77509]
 [    0.24838     0.77217]
 [    0.25898     0.82051]
 [          0           0]
 [    0.24881     0.85324]
 [    0.24741     0.85339]
 [    0.28733     0.84325]
 [     0.2848     0.84182]
 [    0.24992     0.88714]
 [    0.26264     0.88409]
 [    0.26868     0.95446]
 [    0.28935     0.94565]]","[[    0.44338      0.5481]
 [    0.44665     0.54098]
 [          0           0]
 [    0.45661     0.54344]
 [          0           0]
 [     0.4579     0.57884]
 [    0.47893     0.57436]
 [    0.45663     0.62811]
 [    0.49683     0.62146]
 [    0.45728     0.64887]
 [          0           0]
 [    0.47335     0.67401]
 [    0.48773     0.67137]
 [    0.45778     0.74017]
 [    0.48192     0.73748]
 [    0.46383     0.82348]
 [    0.49154     0.81793]]","[97, 335]",tight_straight drive
18,"[[          0           0]
 [          0           0]
 [          0           0]
 [    0.23164     0.74955]
 [          0           0]
 [     0.2447     0.77649]
 [     0.2533     0.76329]
 [    0.25184     0.84596]
 [    0.25647     0.81762]
 [    0.24145     0.88377]
 [    0.24339     0.86028]
 [    0.28204     0.84728]
 [    0.29088     0.84073]
 [    0.23936     0.90824]
 [    0.26735     0.89603]
 [     0.2593     0.96453]
 [    0.29718      0.9489]]","[[    0.44793     0.53599]
 [    0.45137     0.52844]
 [          0           0]
 [    0.46018     0.53049]
 [          0           0]
 [     0.4649     0.56523]
 [    0.47078     0.56402]
 [    0.47822     0.60884]
 [    0.49155     0.60724]
 [    0.48408     0.63278]
 [    0.49703     0.62083]
 [    0.47735     0.66469]
 [    0.48317     0.66362]
 [     0.4577     0.73418]
 [    0.48168     0.73285]
 [     0.4619     0.81836]
 [    0.49475     0.81474]]","[97, 335]",tight_straight drive
19,"[[    0.22667     0.75483]
 [    0.22888     0.74635]
 [          0           0]
 [    0.23546     0.74644]
 [          0           0]
 [    0.24271       0.776]
 [    0.24432     0.76531]
 [     0.2522     0.86364]
 [    0.24587     0.84531]
 [    0.25686     0.90347]
 [    0.25488     0.89921]
 [    0.28132     0.83488]
 [    0.28406     0.83025]
 [    0.23586     0.89424]
 [    0.25106     0.88343]
 [    0.27048     0.95787]
 [    0.28013     0.94883]]","[[          0           0]
 [          0           0]
 [          0           0]
 [    0.45559     0.52497]
 [          0           0]
 [    0.45411     0.56246]
 [    0.48162     0.55638]
 [    0.45064     0.61071]
 [     0.5014     0.60206]
 [    0.45263     0.63721]
 [    0.50793     0.62811]
 [     0.4685      0.6621]
 [    0.48782      0.6588]
 [    0.45253     0.72951]
 [    0.48518     0.72638]
 [     0.4549     0.81139]
 [     0.4947     0.80533]]","[97, 335]",tight_straight drive
20,"[[          0           0]
 [    0.23998     0.76843]
 [          0           0]
 [      0.247     0.76372]
 [          0           0]
 [    0.25426     0.78453]
 [    0.27178     0.77356]
 [    0.24701     0.84606]
 [          0           0]
 [    0.24153     0.88637]
 [          0           0]
 [    0.28094     0.84463]
 [    0.29416     0.84024]
 [    0.25001     0.89534]
 [    0.26923     0.89129]
 [    0.26198     0.96523]
 [    0.28345     0.95401]]","[[          0           0]
 [          0           0]
 [          0           0]
 [    0.45594     0.52215]
 [    0.46635     0.51817]
 [     0.4524     0.56046]
 [    0.48353     0.55362]
 [    0.44789     0.61054]
 [    0.50262     0.60107]
 [    0.45177     0.63786]
 [    0.50938     0.62866]
 [    0.46552     0.65855]
 [    0.48772     0.65526]
 [    0.45116      0.7316]
 [     0.4888     0.72872]
 [    0.44856      0.8127]
 [    0.49544     0.80699]]","[97, 335]",tight_straight drive
21,"[[    0.22645      0.7637]
 [    0.22729     0.75654]
 [          0           0]
 [    0.23384     0.75289]
 [          0           0]
 [    0.24515     0.77578]
 [    0.25871     0.75466]
 [     0.2494     0.84849]
 [          0           0]
 [    0.24635     0.88256]
 [          0           0]
 [    0.28255     0.84293]
 [    0.29358     0.83298]
 [    0.23923     0.88915]
 [    0.26031     0.87254]
 [    0.25805      0.9609]
 [    0.28193     0.94186]]","[[          0           0]
 [          0           0]
 [          0           0]
 [    0.45379     0.52577]
 [    0.46718     0.52041]
 [      0.451     0.56247]
 [    0.48408     0.55357]
 [    0.44617     0.61279]
 [    0.50315     0.60092]
 [    0.44952     0.64037]
 [    0.50873     0.63055]
 [    0.46576     0.65842]
 [    0.49008     0.65418]
 [    0.44562     0.72857]
 [    0.49288     0.72475]
 [    0.43853     0.80726]
 [    0.49997     0.80012]]","[97, 335]",tight_straight drive
22,"[[    0.22896     0.74944]
 [    0.22992     0.74197]
 [          0           0]
 [    0.23662     0.73759]
 [          0           0]
 [    0.24715     0.76166]
 [    0.26464     0.73423]
 [    0.25092     0.82812]
 [    0.28335     0.76347]
 [    0.24641     0.85466]
 [    0.28205      0.7831]
 [    0.28457     0.83446]
 [    0.29665     0.82139]
 [    0.24404     0.89263]
 [    0.26354     0.87278]
 [    0.25699     0.96732]
 [    0.27739     0.94655]]","[[          0           0]
 [          0           0]
 [          0           0]
 [    0.45126     0.52964]
 [    0.46781     0.52347]
 [    0.44793     0.56552]
 [     0.4838     0.55525]
 [    0.44426     0.61542]
 [    0.50291     0.60305]
 [    0.45068     0.64144]
 [    0.50895     0.63162]
 [    0.46366     0.65934]
 [    0.49025     0.65481]
 [    0.44361     0.73025]
 [     0.4949      0.7264]
 [    0.43398     0.80541]
 [    0.50118      0.7979]]","[97, 335]",tight_straight drive
23,"[[    0.22879     0.74939]
 [    0.22971     0.74199]
 [          0           0]
 [    0.23637     0.73781]
 [          0           0]
 [    0.24696     0.76203]
 [     0.2647     0.73409]
 [    0.25091     0.82877]
 [    0.28328     0.76295]
 [    0.24635     0.85498]
 [    0.28187     0.78213]
 [     0.2845     0.83468]
 [    0.29678     0.82138]
 [    0.24405     0.89283]
 [     0.2637     0.87255]
 [    0.25691     0.96745]
 [    0.27763     0.94608]]","[[          0           0]
 [          0           0]
 [          0           0]
 [    0.45125     0.52965]
 [    0.46782     0.52348]
 [    0.44793     0.56552]
 [    0.48379     0.55525]
 [    0.44428     0.61539]
 [    0.50292     0.60305]
 [    0.45072     0.64143]
 [    0.50895     0.63163]
 [    0.46366     0.65932]
 [    0.49025     0.65479]
 [    0.44361     0.73017]
 [    0.49488     0.72632]
 [      0.434     0.80537]
 [     0.5012     0.79787]]","[97, 335]",tight_straight drive
24,"[[          0           0]
 [          0           0]
 [          0           0]
 [    0.23356      0.7224]
 [          0           0]
 [    0.24263     0.75385]
 [    0.27558     0.72125]
 [    0.25482     0.82202]
 [    0.30568     0.75935]
 [    0.25051     0.82195]
 [    0.31644     0.78234]
 [    0.28553     0.83783]
 [      0.304     0.82206]
 [     0.2608     0.90698]
 [    0.26013      0.8774]
 [    0.28016     0.97921]
 [    0.26018     0.94628]]","[[          0           0]
 [          0           0]
 [          0           0]
 [    0.45316     0.53472]
 [    0.46753     0.52979]
 [    0.44896     0.57139]
 [    0.48233     0.56304]
 [     0.4472     0.62038]
 [    0.50083     0.60947]
 [    0.45492     0.64973]
 [    0.50679     0.64003]
 [     0.4617     0.66203]
 [    0.48803     0.65832]
 [    0.44148     0.73172]
 [    0.49832     0.72835]
 [    0.43048     0.80396]
 [    0.50993     0.79754]]","[97, 335]",tight_straight drive
25,"[[          0           0]
 [          0           0]
 [          0           0]
 [    0.24436     0.70605]
 [          0           0]
 [    0.25287     0.73975]
 [    0.28542     0.70039]
 [    0.26556     0.79557]
 [    0.31361     0.72393]
 [    0.25848     0.78973]
 [    0.32649      0.7609]
 [    0.29017     0.82707]
 [    0.30811      0.8071]
 [    0.26939     0.90507]
 [    0.26852     0.86693]
 [    0.28484      0.9589]
 [    0.26395     0.91908]]","[[          0           0]
 [          0           0]
 [          0           0]
 [    0.45377     0.54673]
 [          0           0]
 [    0.45164      0.5814]
 [    0.48729     0.57395]
 [    0.44478     0.63378]
 [    0.50524       0.631]
 [    0.44674     0.64149]
 [    0.50568     0.65221]
 [    0.46265     0.67736]
 [    0.49198     0.67266]
 [    0.43737     0.74077]
 [    0.49782     0.73262]
 [     0.4226      0.8159]
 [    0.51266     0.80621]]","[97, 335]",tight_straight drive
26,"[[          0           0]
 [          0           0]
 [          0           0]
 [    0.25048      0.6858]
 [    0.27081     0.67272]
 [    0.26048     0.71762]
 [    0.29314     0.69375]
 [    0.26502      0.7732]
 [     0.3322     0.73687]
 [    0.25998     0.79096]
 [    0.34532     0.76085]
 [    0.28729     0.82148]
 [      0.307     0.80938]
 [    0.26492     0.90171]
 [    0.28812     0.88861]
 [    0.26805     0.97449]
 [    0.28978     0.95307]]","[[          0           0]
 [          0           0]
 [          0           0]
 [    0.45564     0.55717]
 [     0.4726     0.55048]
 [     0.4512     0.59308]
 [    0.48595     0.58334]
 [    0.44282      0.6457]
 [    0.50314     0.63855]
 [    0.44422     0.65262]
 [    0.50757     0.66144]
 [    0.46276     0.68873]
 [     0.4914     0.68379]
 [    0.43899     0.74727]
 [    0.49991     0.73815]
 [    0.42395     0.81898]
 [    0.51535     0.80902]]","[319, 129]",crosscourt drive
27,"[[          0           0]
 [          0           0]
 [          0           0]
 [    0.27132       0.662]
 [          0           0]
 [    0.27692     0.70167]
 [    0.30956     0.67745]
 [    0.26797     0.75827]
 [    0.33611     0.72214]
 [    0.26723     0.75765]
 [    0.34544     0.75714]
 [    0.29564     0.81208]
 [    0.31187      0.7983]
 [     0.2782     0.90294]
 [    0.27019     0.88134]
 [    0.29667     0.96731]
 [    0.26707      0.9484]]","[[          0           0]
 [          0           0]
 [          0           0]
 [    0.46025     0.57168]
 [    0.47619      0.5663]
 [    0.45242     0.60891]
 [    0.48906     0.60146]
 [     0.4414     0.66583]
 [    0.50398      0.6629]
 [     0.4406     0.68149]
 [     0.5079     0.69359]
 [    0.46046     0.70296]
 [     0.4909     0.69936]
 [    0.43957     0.75153]
 [     0.5056     0.74482]
 [    0.42292     0.82166]
 [    0.51928     0.81564]]","[319, 129]",crosscourt drive
28,"[[          0           0]
 [          0           0]
 [          0           0]
 [    0.26831     0.65143]
 [          0           0]
 [    0.27352     0.68999]
 [     0.3126     0.67188]
 [    0.27564     0.74241]
 [    0.34286     0.71601]
 [    0.27585     0.75982]
 [    0.35152     0.73742]
 [    0.29549     0.79705]
 [    0.31895     0.78774]
 [     0.2862     0.88535]
 [    0.30061     0.87627]
 [    0.29154     0.96918]
 [    0.29591     0.95335]]","[[          0           0]
 [          0           0]
 [          0           0]
 [    0.46522     0.58256]
 [    0.47985     0.57863]
 [    0.45679     0.61515]
 [    0.49252     0.61043]
 [    0.44275     0.67038]
 [    0.50343     0.66908]
 [     0.4368     0.70414]
 [    0.50394     0.70293]
 [    0.46199     0.70187]
 [    0.49204     0.69982]
 [    0.44234     0.74439]
 [    0.50809     0.74134]
 [    0.42409     0.81673]
 [    0.51849     0.81375]]","[319, 129]",crosscourt drive
29,"[[          0           0]
 [          0           0]
 [          0           0]
 [    0.26837     0.65158]
 [          0           0]
 [    0.27351     0.68983]
 [    0.31256     0.67194]
 [    0.27546     0.74204]
 [    0.34268     0.71591]
 [    0.27566     0.75885]
 [    0.35137     0.73663]
 [    0.29541     0.79685]
 [    0.31878     0.78761]
 [    0.28617     0.88489]
 [    0.30017     0.87589]
 [    0.29179     0.96834]
 [    0.29542     0.95263]]","[[          0           0]
 [          0           0]
 [          0           0]
 [     0.4652     0.58231]
 [    0.47976     0.57835]
 [    0.45665     0.61486]
 [    0.49243      0.6101]
 [     0.4426     0.66997]
 [    0.50331     0.66867]
 [     0.4368     0.70347]
 [    0.50406      0.7024]
 [    0.46178     0.70124]
 [    0.49187     0.69917]
 [     0.4422     0.74407]
 [    0.50811     0.74094]
 [    0.42408     0.81641]
 [    0.51862     0.81329]]","[319, 129]",crosscourt drive
30,"[[          0           0]
 [          0           0]
 [          0           0]
 [    0.27775     0.64017]
 [    0.29701     0.63127]
 [    0.27584     0.68588]
 [      0.318     0.66136]
 [    0.27308     0.74369]
 [    0.34283     0.70376]
 [    0.27514     0.74982]
 [    0.35101     0.73868]
 [    0.30326     0.79117]
 [    0.32809       0.779]
 [    0.28925     0.87717]
 [    0.29769     0.85624]
 [    0.30826     0.95466]
 [    0.29999     0.93705]]","[[          0           0]
 [          0           0]
 [          0           0]
 [    0.47403     0.58951]
 [    0.48875     0.59057]
 [    0.46106     0.62537]
 [     0.4987     0.62758]
 [     0.4492     0.67328]
 [     0.5114     0.67817]
 [    0.45211     0.70741]
 [    0.51126      0.7107]
 [    0.46394     0.71963]
 [    0.49463     0.72105]
 [    0.44192     0.73756]
 [    0.51185     0.73939]
 [    0.42385     0.80418]
 [    0.52351     0.80666]]","[319, 129]",crosscourt drive
31,"[[          0           0]
 [          0           0]
 [          0           0]
 [    0.28519     0.63143]
 [    0.30531     0.62186]
 [    0.28368     0.67607]
 [    0.32501      0.6593]
 [    0.27589     0.73244]
 [    0.35505     0.70888]
 [    0.26977     0.76029]
 [    0.36048     0.74366]
 [    0.30636     0.78409]
 [     0.3302     0.77615]
 [     0.3007     0.86394]
 [    0.31158     0.85612]
 [    0.31073     0.95312]
 [    0.30708     0.93958]]","[[          0           0]
 [          0           0]
 [          0           0]
 [    0.48312     0.59281]
 [    0.49835     0.59317]
 [    0.47165     0.63106]
 [    0.50889     0.63145]
 [    0.45967     0.67611]
 [    0.51876     0.67787]
 [    0.45905     0.70401]
 [    0.51424     0.70659]
 [    0.47012     0.71894]
 [    0.50104      0.7188]
 [    0.44665     0.73572]
 [    0.51862     0.73623]
 [    0.42218     0.80531]
 [    0.52682     0.80553]]","[319, 129]",crosscourt drive
32,"[[          0           0]
 [          0           0]
 [          0           0]
 [    0.29405     0.62911]
 [    0.31369     0.62113]
 [    0.29014     0.67299]
 [    0.33232     0.65964]
 [    0.27795     0.73393]
 [    0.35977     0.71608]
 [    0.26978     0.77058]
 [    0.36327     0.75854]
 [    0.31222     0.78132]
 [     0.3373     0.77543]
 [    0.30385     0.86164]
 [    0.32034     0.85587]
 [    0.31209     0.95212]
 [    0.31718     0.94129]]","[[          0           0]
 [          0           0]
 [          0           0]
 [    0.49539     0.58953]
 [    0.50969     0.59241]
 [    0.48113     0.62635]
 [    0.51657     0.63234]
 [    0.47046     0.66486]
 [    0.52472     0.67866]
 [     0.4768     0.69143]
 [    0.52499      0.7005]
 [    0.47645     0.71328]
 [    0.50637     0.71679]
 [    0.45503     0.73998]
 [    0.52849     0.74429]
 [    0.42332      0.7971]
 [     0.5304     0.80355]]","[319, 129]",crosscourt drive
33,"[[          0           0]
 [          0           0]
 [          0           0]
 [    0.30403     0.62748]
 [    0.32277     0.62149]
 [    0.29674      0.6739]
 [    0.34061     0.66456]
 [    0.28014     0.73656]
 [    0.36581     0.72283]
 [    0.26781     0.78265]
 [    0.36437     0.77519]
 [    0.31637     0.78341]
 [    0.34433     0.77969]
 [    0.30681     0.86059]
 [    0.33716      0.8567]
 [    0.31457     0.95017]
 [    0.34282     0.94224]]","[[          0           0]
 [          0           0]
 [          0           0]
 [    0.50693     0.58447]
 [    0.52115     0.58787]
 [    0.49218       0.621]
 [    0.52588     0.62782]
 [    0.47832     0.66092]
 [    0.53437     0.67626]
 [    0.48544     0.69214]
 [    0.53963     0.70229]
 [     0.4867     0.71486]
 [     0.5143     0.71866]
 [    0.46236     0.74779]
 [    0.52935     0.75225]
 [    0.42965     0.79739]
 [    0.52505      0.8049]]","[319, 129]",crosscourt drive
34,"[[          0           0]
 [          0           0]
 [          0           0]
 [    0.31339     0.63584]
 [    0.33672     0.62898]
 [    0.30286     0.68204]
 [    0.35083     0.67188]
 [    0.29159     0.74265]
 [    0.36399     0.73542]
 [     0.2785      0.7746]
 [    0.36498     0.78554]
 [    0.31883      0.7884]
 [    0.35226     0.78413]
 [     0.3057     0.86818]
 [    0.34676     0.85824]
 [     0.3155     0.95366]
 [    0.35934     0.93694]]","[[          0           0]
 [          0           0]
 [          0           0]
 [    0.52133     0.58255]
 [    0.53545     0.58985]
 [    0.50317     0.61501]
 [    0.53899     0.62878]
 [     0.4858     0.64646]
 [    0.54413     0.67269]
 [    0.49137     0.67458]
 [          0           0]
 [    0.49438     0.70296]
 [    0.52304     0.70946]
 [    0.46746     0.74434]
 [     0.5299     0.75206]
 [    0.44127     0.79862]
 [    0.52826     0.81032]]","[319, 129]",crosscourt drive
35,"[[          0           0]
 [          0           0]
 [          0           0]
 [    0.31349     0.63575]
 [    0.33671     0.62885]
 [    0.30296      0.6819]
 [    0.35079     0.67182]
 [    0.29174     0.74215]
 [    0.36414     0.73536]
 [     0.2786     0.77354]
 [    0.36516     0.78582]
 [    0.31883     0.78816]
 [    0.35218     0.78385]
 [    0.30551     0.86781]
 [    0.34655     0.85768]
 [    0.31527     0.95318]
 [    0.35936     0.93614]]","[[          0           0]
 [          0           0]
 [          0           0]
 [    0.52158     0.58154]
 [    0.53552     0.58898]
 [    0.50321     0.61458]
 [    0.53908     0.62861]
 [     0.4856     0.64606]
 [    0.54406     0.67272]
 [    0.49124       0.675]
 [          0           0]
 [    0.49414     0.70304]
 [    0.52281     0.70969]
 [    0.46771     0.74405]
 [    0.53003     0.75197]
 [    0.44126     0.79854]
 [    0.52801     0.81049]]","[319, 129]",crosscourt drive
36,"[[          0           0]
 [          0           0]
 [          0           0]
 [    0.32294     0.63906]
 [    0.34572     0.63237]
 [    0.31113     0.68436]
 [    0.35805     0.67509]
 [    0.29975      0.7453]
 [    0.36935     0.73975]
 [    0.28607     0.77382]
 [    0.37152     0.78572]
 [    0.32323     0.78971]
 [    0.35726     0.78606]
 [    0.31012     0.86762]
 [    0.36052     0.85812]
 [    0.31733     0.95322]
 [    0.37707     0.93705]]","[[          0           0]
 [          0           0]
 [          0           0]
 [    0.53218     0.57676]
 [    0.54501     0.58429]
 [    0.51624     0.60928]
 [    0.54534     0.62231]
 [    0.49884     0.63821]
 [    0.54681     0.66111]
 [     0.5018     0.64472]
 [    0.54864     0.66093]
 [    0.50394      0.6974]
 [    0.52641       0.703]
 [    0.48297     0.74712]
 [    0.52872     0.75374]
 [    0.46396     0.79919]
 [    0.52543     0.80976]]","[319, 129]",crosscourt drive
37,"[[          0           0]
 [          0           0]
 [          0           0]
 [     0.3333      0.6373]
 [    0.35508     0.63078]
 [    0.32217     0.68292]
 [    0.36229     0.67467]
 [    0.30891     0.73962]
 [    0.37472     0.73691]
 [    0.29262      0.7701]
 [    0.37817     0.78007]
 [    0.33484     0.78983]
 [    0.36555     0.78604]
 [     0.3141     0.86675]
 [    0.37217     0.85486]
 [    0.32052     0.94632]
 [    0.39885     0.92714]]","[[          0           0]
 [          0           0]
 [          0           0]
 [    0.53973     0.57357]
 [    0.55377     0.58144]
 [     0.5225     0.60136]
 [    0.55186     0.61489]
 [    0.50421     0.63122]
 [    0.55327     0.65286]
 [    0.50848     0.64489]
 [    0.55747     0.66021]
 [    0.51068     0.69118]
 [    0.53204     0.69728]
 [    0.49776     0.74965]
 [    0.53292     0.75607]
 [    0.48317     0.80511]
 [    0.52714     0.81634]]","[319, 129]",crosscourt drive
38,"[[          0           0]
 [          0           0]
 [          0           0]
 [    0.34208     0.63442]
 [    0.36423     0.62906]
 [     0.3293     0.67847]
 [    0.37358     0.67233]
 [    0.31697      0.7375]
 [    0.38634     0.73701]
 [    0.30031     0.77173]
 [    0.39204     0.77115]
 [    0.33851     0.78811]
 [    0.37217     0.78481]
 [    0.31978     0.86301]
 [    0.38144      0.8557]
 [     0.3179     0.94657]
 [    0.40036     0.93264]]","[[          0           0]
 [          0           0]
 [          0           0]
 [          0           0]
 [    0.56218     0.58214]
 [    0.53251     0.60487]
 [    0.55632     0.61601]
 [    0.51709     0.64031]
 [      0.557     0.65903]
 [    0.52703     0.66446]
 [    0.56553     0.67903]
 [    0.52085     0.69496]
 [    0.53611     0.70049]
 [    0.52077     0.75197]
 [    0.53393     0.75773]
 [    0.51295     0.80113]
 [    0.52193     0.81214]]","[319, 129]",crosscourt drive
39,"[[          0           0]
 [          0           0]
 [          0           0]
 [    0.35341     0.62736]
 [          0           0]
 [    0.34364     0.67296]
 [     0.3834     0.66692]
 [    0.33009      0.7304]
 [    0.39467     0.72872]
 [    0.31187     0.76769]
 [    0.39477     0.76022]
 [    0.35243     0.77701]
 [    0.38389     0.77437]
 [      0.333     0.86141]
 [    0.39417     0.85385]
 [    0.32577     0.95172]
 [    0.40952     0.93394]]","[[          0           0]
 [          0           0]
 [          0           0]
 [          0           0]
 [    0.56818     0.57581]
 [    0.54649     0.59972]
 [    0.55706     0.60861]
 [    0.54747     0.64872]
 [    0.55911     0.66279]
 [          0           0]
 [    0.57058     0.69816]
 [    0.53104     0.69125]
 [    0.53841     0.69582]
 [    0.53415     0.75751]
 [    0.54219      0.7614]
 [    0.53025     0.81224]
 [    0.53706      0.8217]]","[319, 129]",crosscourt drive
40,"[[          0           0]
 [          0           0]
 [          0           0]
 [    0.36298     0.62106]
 [    0.38437     0.61521]
 [    0.35345     0.66352]
 [    0.39156     0.65823]
 [    0.34196     0.72303]
 [    0.40324     0.72259]
 [    0.32435     0.75825]
 [    0.40198     0.75224]
 [    0.36204     0.77219]
 [    0.39143     0.77017]
 [    0.34492     0.85108]
 [    0.39972     0.84817]
 [    0.33184     0.93542]
 [     0.4056     0.92625]]","[[          0           0]
 [          0           0]
 [    0.58353     0.58694]
 [          0           0]
 [    0.57785      0.5842]
 [    0.55372     0.60348]
 [    0.56796      0.6132]
 [          0           0]
 [    0.57092     0.66742]
 [          0           0]
 [    0.57803     0.70792]
 [    0.54044     0.69908]
 [    0.55023     0.70401]
 [    0.55534     0.75546]
 [    0.56266     0.75911]
 [    0.55553      0.8205]
 [    0.56047     0.82906]]","[319, 129]",crosscourt drive
41,"[[          0           0]
 [          0           0]
 [          0           0]
 [    0.36297      0.6212]
 [     0.3844     0.61535]
 [    0.35337      0.6636]
 [    0.39162     0.65827]
 [    0.34187     0.72313]
 [    0.40338     0.72243]
 [    0.32425     0.75835]
 [    0.40192     0.75165]
 [      0.362     0.77232]
 [    0.39149     0.77027]
 [    0.34485     0.85098]
 [    0.39981     0.84802]
 [    0.33172     0.93539]
 [    0.40566     0.92612]]","[[          0           0]
 [          0           0]
 [          0           0]
 [          0           0]
 [    0.57781     0.58449]
 [    0.55323     0.60412]
 [    0.56838      0.6137]
 [          0           0]
 [    0.57131     0.66762]
 [          0           0]
 [    0.57803     0.70803]
 [    0.54085     0.69971]
 [     0.5512     0.70457]
 [    0.55525      0.7562]
 [     0.5628     0.75977]
 [    0.55558     0.82043]
 [    0.56058     0.82882]]","[319, 129]",crosscourt drive
42,"[[          0           0]
 [          0           0]
 [          0           0]
 [    0.37133     0.61369]
 [          0           0]
 [    0.36424     0.65568]
 [    0.40352     0.64934]
 [    0.35126     0.71672]
 [    0.41262     0.70899]
 [    0.33554     0.75453]
 [    0.40916     0.73433]
 [    0.36966     0.76493]
 [    0.39906     0.76164]
 [    0.35325     0.84372]
 [    0.40081     0.83999]
 [    0.34508     0.93046]
 [    0.40602     0.92014]]","[[    0.59382     0.59598]
 [          0           0]
 [     0.5927     0.58815]
 [          0           0]
 [    0.58673     0.58519]
 [     0.5692     0.61055]
 [    0.57238     0.61417]
 [    0.56983     0.66161]
 [    0.56692     0.66818]
 [          0           0]
 [    0.57628     0.70397]
 [    0.55191      0.7021]
 [    0.55472     0.70597]
 [     0.5718     0.74661]
 [    0.57577     0.75038]
 [    0.56483      0.8095]
 [    0.56869     0.81691]]","[319, 129]",crosscourt drive
43,"[[          0           0]
 [          0           0]
 [          0           0]
 [    0.38108     0.59825]
 [    0.39818     0.59599]
 [    0.37326     0.64395]
 [    0.41229     0.63869]
 [    0.35938     0.70323]
 [    0.42732     0.69444]
 [    0.34956     0.73842]
 [    0.42053      0.7347]
 [    0.37894      0.7536]
 [    0.40623     0.75046]
 [    0.36788     0.83418]
 [    0.40756     0.83149]
 [     0.3637     0.92031]
 [    0.41105     0.91504]]","[[    0.60142     0.61192]
 [          0           0]
 [     0.6007     0.60425]
 [          0           0]
 [    0.59432     0.59999]
 [    0.57213     0.62079]
 [    0.58065     0.62698]
 [          0           0]
 [    0.57366     0.68301]
 [          0           0]
 [     0.5809      0.7208]
 [    0.55614     0.71598]
 [    0.56271     0.72017]
 [    0.57507     0.76779]
 [    0.58508     0.77099]
 [    0.56887      0.8329]
 [    0.58059     0.84082]]","[319, 129]",crosscourt drive
44,"[[          0           0]
 [          0           0]
 [          0           0]
 [    0.38883     0.59005]
 [    0.40819     0.58744]
 [     0.3802      0.6379]
 [    0.42014     0.63177]
 [    0.36595      0.6999]
 [    0.43218     0.68984]
 [    0.35966     0.73402]
 [    0.42652     0.72834]
 [    0.38758     0.74794]
 [    0.41459     0.74434]
 [    0.38046     0.82502]
 [    0.41159     0.82198]
 [    0.37883       0.909]
 [     0.4112     0.90387]]","[[    0.61098      0.6189]
 [          0           0]
 [    0.60956     0.61165]
 [          0           0]
 [    0.60158     0.60974]
 [    0.58808     0.63588]
 [    0.58491     0.63958]
 [          0           0]
 [    0.57474     0.69858]
 [          0           0]
 [    0.58629     0.73081]
 [     0.5698     0.72874]
 [    0.56745     0.73271]
 [    0.59393     0.77431]
 [    0.58835     0.77802]
 [    0.58339     0.82954]
 [    0.57449     0.83766]]","[319, 129]",crosscourt drive
45,"[[          0           0]
 [          0           0]
 [          0           0]
 [    0.39576     0.58473]
 [    0.41606     0.58232]
 [    0.38884     0.63216]
 [    0.42878     0.62608]
 [     0.3745     0.69387]
 [    0.44194     0.68288]
 [    0.36199     0.73648]
 [    0.43291     0.73186]
 [    0.39573     0.74113]
 [    0.42108     0.73723]
 [    0.39478     0.82288]
 [    0.41291     0.81934]
 [    0.40029     0.90442]
 [    0.41191     0.89813]]","[[          0           0]
 [          0           0]
 [          0           0]
 [          0           0]
 [    0.61241     0.62317]
 [    0.58665     0.63901]
 [    0.59864     0.65093]
 [    0.57563     0.69698]
 [    0.59093      0.7117]
 [    0.58333      0.7433]
 [    0.59742     0.75356]
 [    0.56879     0.73422]
 [    0.58154     0.74124]
 [     0.5787     0.78101]
 [    0.61932     0.78685]
 [    0.56509     0.84135]
 [    0.62946      0.8524]]","[319, 129]",crosscourt drive
46,"[[          0           0]
 [          0           0]
 [          0           0]
 [    0.40474     0.57849]
 [    0.42468     0.57757]
 [    0.39653     0.62695]
 [    0.43633     0.62352]
 [    0.38308      0.6882]
 [    0.45019       0.681]
 [    0.37047     0.73398]
 [    0.44059     0.73157]
 [    0.40166     0.73524]
 [    0.42737     0.73278]
 [    0.40308     0.81514]
 [    0.42179      0.8128]
 [    0.40908     0.89619]
 [    0.42282     0.89192]]","[[          0           0]
 [          0           0]
 [          0           0]
 [    0.61348     0.62782]
 [    0.62728     0.62845]
 [    0.60476     0.65887]
 [    0.62176     0.66732]
 [    0.58011      0.6955]
 [     0.6076     0.71864]
 [    0.57395     0.72276]
 [     0.5969     0.74156]
 [    0.59113     0.75466]
 [    0.61042     0.75874]
 [    0.58052     0.78642]
 [    0.63893     0.79505]
 [     0.5612      0.8563]
 [    0.66416      0.8652]]","[319, 129]",crosscourt drive
47,"[[          0           0]
 [          0           0]
 [          0           0]
 [    0.40479     0.57815]
 [    0.42458     0.57732]
 [    0.39643     0.62693]
 [    0.43607     0.62362]
 [    0.38298     0.68817]
 [    0.45015     0.68116]
 [    0.37043     0.73365]
 [    0.44074     0.73132]
 [    0.40151     0.73533]
 [     0.4271     0.73293]
 [    0.40281     0.81517]
 [     0.4214     0.81285]
 [    0.40876     0.89596]
 [     0.4223     0.89183]]","[[          0           0]
 [          0           0]
 [          0           0]
 [    0.61351     0.62803]
 [    0.62738      0.6285]
 [    0.60474      0.6591]
 [    0.62164     0.66757]
 [    0.58017     0.69591]
 [    0.60796     0.71954]
 [    0.57455     0.72318]
 [    0.59798     0.74315]
 [    0.59113     0.75486]
 [     0.6104     0.75896]
 [    0.58054     0.78692]
 [    0.63925     0.79546]
 [    0.56062     0.85642]
 [    0.66459     0.86508]]","[319, 129]",crosscourt drive
48,"[[          0           0]
 [          0           0]
 [          0           0]
 [    0.41343     0.57605]
 [    0.43249     0.57531]
 [    0.40298     0.62383]
 [    0.44308     0.62102]
 [    0.38883     0.68234]
 [    0.45805     0.67633]
 [    0.37816     0.72719]
 [    0.45034     0.72526]
 [    0.40943     0.72922]
 [    0.43552     0.72778]
 [    0.41271     0.80926]
 [    0.43292     0.80763]
 [    0.41625     0.88798]
 [    0.43179     0.88527]]","[[    0.62981     0.63486]
 [          0           0]
 [          0           0]
 [          0           0]
 [    0.63066     0.63223]
 [    0.62194     0.66709]
 [    0.61418      0.6661]
 [    0.61225     0.69204]
 [    0.60217     0.69205]
 [    0.61449     0.64587]
 [    0.60939     0.63585]
 [    0.60305     0.76384]
 [    0.60693     0.76521]
 [    0.58873     0.79457]
 [    0.64327     0.79914]
 [    0.56511     0.86027]
 [    0.67669     0.86671]]","[319, 129]",crosscourt drive
49,"[[          0           0]
 [          0           0]
 [          0           0]
 [    0.42292     0.57756]
 [    0.43981     0.57681]
 [    0.41243     0.62418]
 [    0.44881     0.62137]
 [    0.39738     0.68276]
 [    0.46243     0.67606]
 [    0.38543     0.72502]
 [    0.45407     0.72279]
 [    0.41864     0.72947]
 [    0.44229     0.72839]
 [    0.42291     0.81109]
 [    0.44214     0.80947]
 [    0.42582     0.89342]
 [    0.43968     0.89092]]","[[    0.62565     0.64388]
 [    0.62998     0.63711]
 [          0           0]
 [    0.63597     0.64351]
 [          0           0]
 [    0.62862     0.68098]
 [    0.63619     0.68472]
 [    0.60532     0.72505]
 [    0.62192      0.7382]
 [    0.60259     0.73351]
 [          0           0]
 [    0.60768     0.78337]
 [    0.62246     0.78441]
 [    0.58699     0.80841]
 [    0.65225     0.81438]
 [    0.56237     0.87659]
 [      0.682     0.88046]]","[547, 284]",wide_crosscourt drive
50,"[[          0           0]
 [          0           0]
 [          0           0]
 [     0.4316      0.5756]
 [    0.44853      0.5764]
 [    0.41832     0.62193]
 [    0.45652     0.62244]
 [     0.4041     0.68033]
 [    0.46978     0.67978]
 [    0.39806     0.72067]
 [    0.46509     0.72163]
 [    0.42587     0.73098]
 [    0.45229     0.73197]
 [    0.42648     0.80997]
 [     0.4593     0.81015]
 [    0.42579     0.88923]
 [    0.46236     0.89038]]","[[          0           0]
 [          0           0]
 [          0           0]
 [          0           0]
 [    0.65776     0.65594]
 [    0.64547     0.68783]
 [     0.6401      0.6943]
 [    0.63536     0.73316]
 [    0.63379     0.75172]
 [    0.64833     0.77105]
 [    0.64849     0.79022]
 [    0.61712      0.7792]
 [    0.62419     0.78314]
 [    0.60526     0.83327]
 [     0.6681      0.8457]
 [    0.56607      0.8908]
 [    0.69728     0.91512]]","[559, 289]",wide_crosscourt drive
51,"[[          0           0]
 [          0           0]
 [          0           0]
 [    0.43773     0.57719]
 [    0.45734     0.57842]
 [      0.425      0.6221]
 [    0.46421     0.62273]
 [    0.41106     0.68023]
 [    0.47621     0.67654]
 [    0.40896     0.70439]
 [    0.47308     0.70029]
 [    0.43202     0.73064]
 [     0.4604     0.73107]
 [    0.42927     0.80623]
 [    0.47306     0.80538]
 [    0.43131     0.88089]
 [    0.48643     0.88067]]","[[          0           0]
 [          0           0]
 [          0           0]
 [     0.6594     0.67108]
 [          0           0]
 [    0.66077     0.68791]
 [    0.66197     0.71558]
 [    0.63401     0.67002]
 [    0.65399     0.76231]
 [    0.63319     0.64548]
 [    0.65901     0.78583]
 [    0.62989     0.78507]
 [    0.64011     0.79465]
 [    0.60502     0.84642]
 [    0.67274     0.86752]
 [    0.56789     0.90244]
 [     0.7038     0.93611]]","[569, 295]",wide_crosscourt drive
52,"[[          0           0]
 [          0           0]
 [          0           0]
 [    0.44956     0.57852]
 [    0.46471     0.58061]
 [    0.43585     0.62234]
 [    0.47128     0.62509]
 [    0.42274     0.67737]
 [    0.48372     0.67912]
 [    0.42014     0.71271]
 [    0.48135     0.71401]
 [    0.44169     0.72832]
 [    0.46883     0.73026]
 [     0.4347     0.80504]
 [    0.48747     0.80579]
 [     0.4318       0.878]
 [    0.50407     0.88014]]","[[          0           0]
 [          0           0]
 [          0           0]
 [    0.66762     0.68033]
 [          0           0]
 [    0.67098      0.6994]
 [      0.668     0.71896]
 [    0.64303     0.66592]
 [    0.65357      0.7124]
 [    0.63769      0.6484]
 [    0.64006     0.69595]
 [    0.63993     0.79186]
 [    0.64738     0.79925]
 [    0.61058     0.85243]
 [    0.67723     0.87609]
 [    0.57301     0.91012]
 [    0.70903     0.94862]]","[567, 297]",crosscourt drive
53,"[[          0           0]
 [          0           0]
 [          0           0]
 [    0.44962     0.57841]
 [    0.46451     0.58055]
 [    0.43582     0.62223]
 [    0.47104     0.62508]
 [     0.4227     0.67729]
 [    0.48329     0.67926]
 [    0.42028     0.71222]
 [    0.48097     0.71367]
 [    0.44161     0.72836]
 [    0.46867     0.73038]
 [    0.43451     0.80567]
 [    0.48765      0.8065]
 [    0.43118     0.87917]
 [    0.50406     0.88148]]","[[          0           0]
 [          0           0]
 [          0           0]
 [     0.6679     0.67971]
 [          0           0]
 [    0.67135     0.69908]
 [    0.66782     0.71891]
 [    0.64334     0.66537]
 [    0.65306     0.71143]
 [    0.63821      0.6483]
 [    0.63964     0.69423]
 [    0.64032     0.79159]
 [    0.64741     0.79921]
 [    0.61105     0.85255]
 [    0.67724     0.87672]
 [     0.5732     0.90972]
 [    0.70892     0.94907]]","[567, 297]",tight_straight drive
54,"[[          0           0]
 [          0           0]
 [          0           0]
 [    0.45675      0.5828]
 [    0.47219     0.58399]
 [    0.44127     0.62598]
 [    0.48022     0.62782]
 [    0.42775     0.67668]
 [    0.49463     0.67803]
 [    0.42709     0.70163]
 [    0.49298     0.70333]
 [     0.4484     0.72832]
 [     0.4779     0.73023]
 [    0.43893     0.79871]
 [    0.49488     0.79941]
 [    0.43145     0.87294]
 [      0.506      0.8751]]","[[          0           0]
 [          0           0]
 [          0           0]
 [          0           0]
 [    0.68813     0.71534]
 [    0.67073     0.72533]
 [    0.67895     0.74935]
 [    0.64041     0.74388]
 [    0.67109     0.82025]
 [    0.63746     0.72618]
 [    0.68075     0.86345]
 [    0.64478     0.80959]
 [    0.65969     0.81914]
 [     0.6265     0.86688]
 [    0.69923     0.88347]
 [    0.56954     0.90207]
 [    0.70346     0.93551]]","[564, 299]",tight_straight drive
